Code,SMILES,RF-GROVER Prob.,RF-GROVER Labels,XGBoost-GROVER Prob.,XGBoost-GROVER Labels,MLP-GROVER Prob.,MLP-GROVER Labels
Ia,O=C(CCC1=CC=C(CN2C=NC3=CC(NC(C4=C(C=CC=C4)Cl)=O)=CC=C32)C=C1)NO,0.545000,1,0.908240,1,0.026897,0
Ib,O=C(CCC1=CC=C(CN2C=NC3=CC(NC(C4=CC(Cl)=CC=C4)=O)=CC=C32)C=C1)NO,0.525000,1,0.780244,1,0.011746,0
Ic,O=C(CCC1=CC=C(CN2C=NC3=CC(NC(C4=CC=C(C=C4)F)=O)=CC=C32)C=C1)NO,0.420000,0,0.411673,0,0.000326,0
Id,O=C(CCC1=CC=C(CN2C3=CC(NC(C4=C(C=CC=C4)Cl)=O)=CC=C3N=C2)C=C1)NO,0.540000,1,0.851465,1,0.022320,0
Ie,O=C(CCC1=CC=C(CN2C3=CC(NC(C4=CC(Cl)=CC=C4)=O)=CC=C3N=C2)C=C1)NO,0.530000,1,0.780244,1,0.012202,0
If,O=C(CCC1=CC=C(CN2C3=CC(NC(C4=CC=C(C=C4)F)=O)=CC=C3N=C2)C=C1)NO,0.420000,0,0.340953,0,0.000318,0
IIa,O=C(CCC1=CC=C(CN2C=NC3=CC(CC(C4=C(C=CC=C4)Cl)=O)=CC=C32)C=C1)NO,0.370000,0,0.425644,0,0.000234,0
IIb,O=C(CCC1=CC=C(CN2C=NC3=CC(CC(C4=CC(Cl)=CC=C4)=O)=CC=C32)C=C1)NO,0.435000,0,0.915002,1,0.007592,0
IIc,O=C(CCC1=CC=C(CN2C=NC3=CC(CC(C4=CC=C(C=C4)F)=O)=CC=C32)C=C1)NO,0.205000,0,0.004779,0,0.000007,0
IId,O=C(CCC1=CC=C(CN2C3=CC(CC(C4=C(C=CC=C4)Cl)=O)=CC=C3N=C2)C=C1)NO,0.365000,0,0.425644,0,0.000248,0
IIe,O=C(CCC1=CC=C(CN2C3=CC(CC(C4=CC(Cl)=CC=C4)=O)=CC=C3N=C2)C=C1)NO,0.425000,0,0.895102,1,0.007684,0
IIf,O=C(CCC1=CC=C(CN2C3=CC(CC(C4=CC=C(C=C4)F)=O)=CC=C3N=C2)C=C1)NO,0.210000,0,0.007491,0,0.000008,0
IIIa,O=C(CCC1=CC=C(CN2C=NC3=CC(CCC4=C(C=CC=C4)Cl)=CC=C32)C=C1)NO,0.405000,0,0.082077,0,0.000065,0
IIIb,O=C(CCC1=CC=C(CN2C=NC3=CC(CCC4=CC(Cl)=CC=C4)=CC=C32)C=C1)NO,0.500000,1,0.645029,1,0.000454,0
IIIc,O=C(CCC1=CC=C(CN2C=NC3=CC(CCC4=CC=C(C=C4)F)=CC=C32)C=C1)NO,0.350000,0,0.016679,0,0.000010,0
IIId,O=C(CCC1=CC=C(CN2C3=CC(CCC4=C(C=CC=C4)Cl)=CC=C3N=C2)C=C1)NO,0.395000,0,0.171681,0,0.000065,0
IIIe,O=C(CCC1=CC=C(CN2C3=CC(CCC4=CC(Cl)=CC=C4)=CC=C3N=C2)C=C1)NO,0.480000,0,0.645029,1,0.000558,0
IIIf,O=C(CCC1=CC=C(CN2C3=CC(CCC4=CC=C(C=C4)F)=CC=C3N=C2)C=C1)NO,0.355000,0,0.010041,0,0.000012,0
IVa,O=C(CCC1=CC=C(CN2C=NC3=CC(/C=C/C4=C(C=CC=C4)Cl)=CC=C32)C=C1)NO,0.660000,1,0.860691,1,0.330979,0
IVb,O=C(CCC1=CC=C(CN2C=NC3=CC(/C=C/C4=CC(Cl)=CC=C4)=CC=C32)C=C1)NO,0.760000,1,0.995476,1,0.958310,1
IVc,O=C(CCC1=CC=C(CN2C=NC3=CC(/C=C/C4=CC=C(C=C4)F)=CC=C32)C=C1)NO,0.435000,0,0.040218,0,0.000132,0
IVd,O=C(CCC1=CC=C(CN2C3=CC(/C=C/C4=C(C=CC=C4)Cl)=CC=C3N=C2)C=C1)NO,0.665000,1,0.982132,1,0.299427,0
IVe,O=C(CCC1=CC=C(CN2C3=CC(/C=C/C4=CC(Cl)=CC=C4)=CC=C3N=C2)C=C1)NO,0.745000,1,0.995214,1,0.949986,1
IVf,O=C(CCC1=CC=C(CN2C3=CC(/C=C/C4=CC=C(C=C4)F)=CC=C3N=C2)C=C1)NO,0.405000,0,0.040218,0,0.000131,0
Va,O=C(CC(C1=CC=C(CN2C=NC3=CC(/C=C/C4=C(C=CC=C4)Cl)=CC=C32)C=C1)=O)NO,0.590000,1,0.940076,1,0.576746,1
Vb,O=C(CC(C1=CC=C(CN2C=NC3=CC(/C=C/C4=CC(Cl)=CC=C4)=CC=C32)C=C1)=O)NO,0.695000,1,0.993734,1,0.982060,1
Vc,O=C(CC(C1=CC=C(CN2C=NC3=CC(/C=C/C4=CC=C(C=C4)F)=CC=C32)C=C1)=O)NO,0.285000,0,0.022188,0,0.000375,0
Vd,O=C(CC(C1=CC=C(CN2C3=CC(/C=C/C4=C(C=CC=C4)Cl)=CC=C3N=C2)C=C1)=O)NO,0.575000,1,0.959845,1,0.599239,1
Ve,O=C(CC(C1=CC=C(CN2C3=CC(/C=C/C4=CC(Cl)=CC=C4)=CC=C3N=C2)C=C1)=O)NO,0.705000,1,0.993734,1,0.982790,1
Vf,O=C(CC(C1=CC=C(CN2C3=CC(/C=C/C4=CC=C(C=C4)F)=CC=C3N=C2)C=C1)=O)NO,0.305000,0,0.047301,0,0.000443,0
VIa,O=C(NC(C1=CC=C(CN2C=NC3=CC(/C=C/C4=C(C=CC=C4)Cl)=CC=C32)C=C1)=O)NO,0.830000,1,0.989524,1,0.189961,0
VIb,O=C(NC(C1=CC=C(CN2C=NC3=CC(/C=C/C4=CC(Cl)=CC=C4)=CC=C32)C=C1)=O)NO,0.860000,1,0.999251,1,0.905726,1
VIc,O=C(NC(C1=CC=C(CN2C=NC3=CC(/C=C/C4=CC=C(C=C4)F)=CC=C32)C=C1)=O)NO,0.670000,1,0.253217,0,0.000104,0
VId,O=C(NC(C1=CC=C(CN2C3=CC(/C=C/C4=C(C=CC=C4)Cl)=CC=C3N=C2)C=C1)=O)NO,0.810000,1,0.992458,1,0.163905,0
VIe,O=C(NC(C1=CC=C(CN2C3=CC(/C=C/C4=CC(Cl)=CC=C4)=CC=C3N=C2)C=C1)=O)NO,0.860000,1,0.998719,1,0.884611,1
VIf,O=C(NC(C1=CC=C(CN2C3=CC(/C=C/C4=CC=C(C=C4)F)=CC=C3N=C2)C=C1)=O)NO,0.660000,1,0.594767,1,0.000100,0
VIIa,O=C(NC(C1=CC=C(C(C)N2C=NC3=CC(/C=C/C4=C(C=CC=C4)Cl)=CC=C32)C=C1)=O)NO,0.655000,1,0.926423,1,0.001287,0
VIIb,O=C(NC(C1=CC=C(C(C)N2C=NC3=CC(/C=C/C4=CC(Cl)=CC=C4)=CC=C32)C=C1)=O)NO,0.705000,1,0.983948,1,0.042387,0
VIIc,O=C(NC(C1=CC=C(C(C)N2C=NC3=CC(/C=C/C4=CC=C(C=C4)F)=CC=C32)C=C1)=O)NO,0.370000,0,0.020229,0,0.000005,0
VIId,O=C(NC(C1=CC=C(C(C)N2C3=CC(/C=C/C4=C(C=CC=C4)Cl)=CC=C3N=C2)C=C1)=O)NO,0.620000,1,0.953217,1,0.001080,0
VIIe,O=C(NC(C1=CC=C(C(C)N2C3=CC(/C=C/C4=CC(Cl)=CC=C4)=CC=C3N=C2)C=C1)=O)NO,0.695000,1,0.975192,1,0.031267,0
VIIf,O=C(NC(C1=CC=C(C(C)N2C3=CC(/C=C/C4=CC=C(C=C4)F)=CC=C3N=C2)C=C1)=O)NO,0.345000,0,0.024611,0,0.000004,0
VIIIa,O=C(NCC1=CC=C(C(C)N2C=NC3=CC(/C=C/C4=C(C=CC=C4)Cl)=CC=C32)C=C1)NO,0.705000,1,0.831736,1,0.042632,0
VIIIb,O=C(NCC1=CC=C(C(C)N2C=NC3=CC(/C=C/C4=CC(Cl)=CC=C4)=CC=C32)C=C1)NO,0.820000,1,0.993320,1,0.664525,1
VIIIc,O=C(NCC1=CC=C(C(C)N2C=NC3=CC(/C=C/C4=CC=C(C=C4)F)=CC=C32)C=C1)NO,0.405000,0,0.065669,0,0.000035,0
VIIId,O=C(NCC1=CC=C(C(C)N2C3=CC(/C=C/C4=C(C=CC=C4)Cl)=CC=C3N=C2)C=C1)NO,0.690000,1,0.831736,1,0.035662,0
VIIIe,O=C(NCC1=CC=C(C(C)N2C3=CC(/C=C/C4=CC(Cl)=CC=C4)=CC=C3N=C2)C=C1)NO,0.810000,1,0.996610,1,0.593532,1
VIIIf,O=C(NCC1=CC=C(C(C)N2C3=CC(/C=C/C4=CC=C(C=C4)F)=CC=C3N=C2)C=C1)NO,0.390000,0,0.078896,0,0.000032,0
IXa,O=C(NO)/C=C/C(C=C1)=CC=C1CN2C=NC3=CC(NC(C4=C(Cl)C=CC=C4)=O)=CC=C32,0.850000,1,0.993526,1,0.999393,1
IXb,O=C(NO)/C=C/C(C=C1)=CC=C1CN2C=NC3=CC(NC(C4=CC(Cl)=CC=C4)=O)=CC=C32,0.845000,1,0.994528,1,0.998686,1
IXc,O=C(NO)/C=C/C(C=C1)=CC=C1CN2C=NC3=CC(NC(C4=CC=C(F)C=C4)=O)=CC=C32,0.750000,1,0.652424,1,0.943746,1
IXd,O=C(NO)/C=C/C(C=C1)=CC=C1CN2C3=CC(NC(C4=C(Cl)C=CC=C4)=O)=CC=C3N=C2,0.850000,1,0.991657,1,0.999307,1
IXe,O=C(NO)/C=C/C(C=C1)=CC=C1CN2C3=CC(NC(C4=CC(Cl)=CC=C4)=O)=CC=C3N=C2,0.855000,1,0.992322,1,0.998793,1
IXf,O=C(NO)/C=C/C(C=C1)=CC=C1CN2C3=CC(NC(C4=CC=C(F)C=C4)=O)=CC=C3N=C2,0.760000,1,0.664945,1,0.943837,1
Xa,O=C(NCC1=CC=C(CN2C=NC3=CC(/C=C/C4=C(C=CC=C4)Cl)=CC=C32)C=C1)NO,0.810000,1,0.997767,1,0.474267,0
Xb,O=C(NCC1=CC=C(CN2C=NC3=CC(/C=C/C4=CC=C(C=C4)F)=CC=C32)C=C1)NO,0.595000,1,0.188859,0,0.000216,0
Xc,O=C(NCC1=CC=C(CN2C3=CC(/C=C/C4=C(C=CC=C4)Cl)=CC=C3N=C2)C=C1)NO,0.805000,1,0.996699,1,0.436336,0
Xd,O=C(NCC1=CC=C(CN2C3=CC(/C=C/C4=CC(Cl)=CC=C4)=CC=C3N=C2)C=C1)NO,0.885000,1,0.999123,1,0.970752,1
Xe,O=C(NCC1=CC=C(CN2C3=CC(/C=C/C4=CC=C(C=C4)F)=CC=C3N=C2)C=C1)NO,0.595000,1,0.148093,0,0.000213,0
Xf,O=C(NCC1=CC=C(CN2C=NC3=CC(/C=C/C4=CC(Cl)=CC=C4)=CC=C32)C=C1)NO,0.880000,1,0.999251,1,0.975840,1
